 {
     "items": [{
         "id": 432462,
         "owner": "jtuck",
         "timeStarted": "1498928712878",
         "state": "Running",
         "metrics": {
             "test": [64, true],
             "maintain": [53, true],
             "security": 64,
             "workman": 72
         },
         "buildTime": "1499155412161",
         "chartData": {
             "labels": ["A", "B"],
             "datasets": [{
                 "label": [142, 10],
                 "data": [142, 10],
                 "backgroundColor": [
                     "green",
                     "red"
                 ],
                 "hoverBackgroundColor": [
                     "green",
                     "red"
                 ]
             }]
         },
         "testPassed": 73,
         "codeCovered": 76

     }, {
         "id": 432461,
         "owner": "samy",
         "timeStarted": "1498928773467",
         "state": "Rejected",
         "metrics": {
             "test": [64, true],
             "maintain": [53, false],
             "security": 64,
             "workman": 72
         },
         "buildTime": "1499155412161",
         "chartData": {
             "labels": ["A", "B"],
             "datasets": [{
                 "label": [98, 56],
                 "data": [98, 56],
                 "backgroundColor": [
                     "green",
                     "red"
                 ],
                 "hoverBackgroundColor": [
                     "green",
                     "red"
                 ]
             }]
         },
         "testPassed": 54,
         "codeCovered": 67
     }, {
         "id": 432459,
         "owner": "samy",
         "timeStarted": "1498928773467",
         "state": "Accepted",
         "metrics": {
             "test": [64, true],
             "maintain": [53, true],
             "security": 64,
             "workman": 72
         },
         "buildTime": "1499158674790",
         "chartData": {
             "labels": ["A", "B"],
             "datasets": [{
                 "label": [112, 45],
                 "data": [112, 45],
                 "backgroundColor": [
                     "green",
                     "red"
                 ],
                 "hoverBackgroundColor": [
                     "green",
                     "red"
                 ]
             }]
         },
         "testPassed": 83,
         "codeCovered": 86
     }, {
         "id": "Tenrox-R1_1234",
         "owner": "",
         "timeStarted": "1499158674790",
         "state": "Complete",
         "metrics": {
             "test": [94, true],
             "maintain": [78, true],
             "security": 77,
             "workman": 89
         },
         "buildTime": "1499165128781",
         "chartData": {
             "labels": ["A", "B"],
             "datasets": [{
                 "label": [98, 145],
                 "data": [98, 145],
                 "backgroundColor": [
                     "green",
                     "red"
                 ],
                 "hoverBackgroundColor": [
                     "green",
                     "red"
                 ]
             }]
         },
         "testPassed": 91,
         "codeCovered": 99
     }, {
         "id": "Tenrox-R1_1235",
         "owner": "",
         "timeStarted": "",
         "state": "Pending",
         "metrics": {
             "test": [23, false],
             "maintain": [67, true],
             "security": 45,
             "workman": 33
         },
         "buildTime": "1499165128781",
         "chartData": {
             "labels": ["A", "B"],
             "datasets": [{
                 "label": [111, 89],
                 "data": [111, 89],
                 "backgroundColor": [
                     "green",
                     "red"
                 ],
                 "hoverBackgroundColor": [
                     "green",
                     "red"
                 ]
             }]
         },
         "testPassed": 66,
         "codeCovered": 60
     }]
 }